Index,Word
0,aa
1,aaaaaaaaaaaaaaaaaaaaaaaaaaaaaaaaaaaaaaaaaaaaaaaaaaaaaaaaaaaaaaaaaaaaaaaaaaaa
2,ab
3,abil
4,abl
5,about
6,abov
7,absolut
8,abus
9,ac
10,accept
11,access
12,accord
13,account
14,achiev
15,acquir
16,across
17,act
18,action
19,activ
20,actual
21,ad
22,adam
23,add
24,addit
25,address
26,administr
27,adult
28,advanc
29,advantag
30,advertis
31,advic
32,advis
33,ae
34,af
35,affect
36,affili
37,afford
38,africa
39,after
40,again
41,against
42,age
43,agenc
44,agent
45,ago
46,agre
47,agreement
48,aid
49,air
50,al
51,alb
52,align
53,all
54,allow
55,almost
56,alon
57,along
58,alreadi
59,alsa
60,also
61,altern
62,although
63,alway
64,am
65,amaz
66,america
67,american
68,among
69,amount
70,amp
71,an
72,analysi
73,analyst
74,and
75,ani
76,anim
77,announc
78,annual
79,annuiti
80,anoth
81,answer
82,anti
83,anumb
84,anybodi
85,anymor
86,anyon
87,anyth
88,anyway
89,anywher
90,aol
91,ap
92,apolog
93,app
94,appar
95,appear
96,appl
97,appli
98,applic
99,appreci
100,approach
101,approv
102,apt
103,archiv
104,are
105,area
106,aren
107,argument
108,arial
109,arm
110,around
111,array
112,arriv
113,art
114,articl
115,artist
116,as
117,ascii
118,ask
119,asset
120,assist
121,associ
122,assum
123,assur
124,at
125,atol
126,attach
127,attack
128,attempt
129,attent
130,attorney
131,attract
132,audio
133,aug
134,august
135,author
136,auto
137,autom
138,automat
139,avail
140,averag
141,avoid
142,awar
143,award
144,away
145,ba
146,babi
147,back
148,background
149,backup
150,bad
151,balanc
152,ban
153,bank
154,bankruptci
155,bar
156,base
157,basenumb
158,basi
159,basic
160,bb
161,bc
162,bd
163,be
164,beat
165,beberg
166,becaus
167,becom
168,been
169,befor
170,begin
171,behalf
172,behavior
173,behind
174,believ
175,below
176,benefit
177,best
178,beta
179,better
180,between
181,beyond
182,bf
183,big
184,biggest
185,bill
186,billion
187,bin
188,binari
189,bind
190,bit
191,black
192,blank
193,block
194,blog
195,blood
196,blue
197,bnumber
198,board
199,bodi
200,bonu
201,book
202,boot
203,border
204,boss
205,boston
206,botan
207,both
208,bottl
209,bottom
210,boundari
211,box
212,boy
213,brain
214,brand
215,break
216,brian
217,bring
218,british
219,broadcast
220,broker
221,browser
222,bug
223,build
224,built
225,bulk
226,burn
227,bush
228,busi
229,but
230,button
231,buy
232,by
233,byte
234,ca
235,cabl
236,cach
237,calcul
238,california
239,call
240,came
241,camera
242,campaign
243,can
244,canada
245,cannot
246,canon
247,capabl
248,capillari
249,capit
250,car
251,card
252,care
253,career
254,carri
255,cartridg
256,case
257,cash
258,cat
259,catch
260,categori
261,caus
262,cb
263,cc
264,cd
265,ce
266,cell
267,cent
268,center
269,central
270,centuri
271,ceo
272,certain
273,certainli
274,cf
275,challeng
276,chanc
277,chang
278,channel
279,char
280,charact
281,charg
282,charset
283,chat
284,cheap
285,check
286,cheer
287,chief
288,children
289,china
290,chip
291,choic
292,choos
293,chri
294,citi
295,citizen
296,civil
297,claim
298,class
299,classifi
300,clean
301,clear
302,clearli
303,click
304,client
305,close
306,clue
307,cnet
308,cnumber
309,co
310,code
311,collect
312,colleg
313,color
314,com
315,combin
316,come
317,comfort
318,command
319,comment
320,commentari
321,commerci
322,commiss
323,commit
324,common
325,commun
326,compani
327,compar
328,comparison
329,compat
330,compet
331,competit
332,compil
333,complet
334,comprehens
335,comput
336,concentr
337,concept
338,concern
339,condit
340,conf
341,confer
342,confid
343,confidenti
344,config
345,configur
346,confirm
347,conflict
348,confus
349,congress
350,connect
351,consid
352,consolid
353,constitut
354,construct
355,consult
356,consum
357,contact
358,contain
359,content
360,continu
361,contract
362,contribut
363,control
364,conveni
365,convers
366,convert
367,cool
368,cooper
369,copi
370,copyright
371,core
372,corpor
373,correct
374,correspond
375,cost
376,could
377,couldn
378,count
379,countri
380,coupl
381,cours
382,court
383,cover
384,coverag
385,crash
386,creat
387,creativ
388,credit
389,critic
390,cross
391,cultur
392,current
393,custom
394,cut
395,cv
396,da
397,dagga
398,daili
399,dan
400,danger
401,dark
402,data
403,databas
404,datapow
405,date
406,dave
407,david
408,day
409,dc
410,de
411,dead
412,deal
413,dear
414,death
415,deathtospamdeathtospamdeathtospam
416,debt
417,decad
418,decid
419,decis
420,declar
421,declin
422,decor
423,default
424,defend
425,defens
426,defin
427,definit
428,degre
429,delay
430,delet
431,deliv
432,deliveri
433,dell
434,demand
435,democrat
436,depart
437,depend
438,deposit
439,describ
440,descript
441,deserv
442,design
443,desir
444,desktop
445,despit
446,detail
447,detect
448,determin
449,dev
450,devel
451,develop
452,devic
453,dial
454,did
455,didn
456,die
457,diet
458,differ
459,difficult
460,digit
461,direct
462,directli
463,director
464,directori
465,disabl
466,discount
467,discov
468,discoveri
469,discuss
470,disk
471,display
472,disposit
473,distanc
474,distribut
475,dn
476,dnumber
477,do
478,doc
479,doctor
480,document
481,doe
482,doer
483,doesn
484,dollar
485,dollarac
486,dollarb
487,dollarnumb
488,domain
489,don
490,done
491,doubl
492,doubt
493,down
494,download
495,dr
496,draw
497,dream
498,drive
499,driver
500,drop
501,drug
502,due
503,dure
504,dvd
505,dw
506,dynam
507,ea
508,each
509,earli
510,earlier
511,earn
512,earth
513,easi
514,easier
515,easili
516,eat
517,eb
518,ebay
519,ec
520,echo
521,econom
522,economi
523,ed
524,edg
525,edit
526,editor
527,educ
528,eff
529,effect
530,effici
531,effort
532,either
533,el
534,electron
535,elimin
536,els
537,email
538,emailaddr
539,emerg
540,empir
541,employ
542,employe
543,en
544,enabl
545,encod
546,encourag
547,encrypt
548,end
549,enemi
550,enenkio
551,energi
552,engin
553,english
554,enhanc
555,enjoy
556,enough
557,ensur
558,enter
559,enterpris
560,entertain
561,entir
562,entri
563,enumb
564,environ
565,equal
566,equip
567,equival
568,error
569,especi
570,essenti
571,establish
572,estat
573,estim
574,et
575,etc
576,euro
577,europ
578,european
579,even
580,event
581,eventu
582,ever
583,everi
584,everyon
585,everyth
586,evid
587,evil
588,exactli
589,exampl
590,excel
591,except
592,exchang
593,excit
594,exclus
595,execut
596,exercis
597,exist
598,exmh
599,expand
600,expect
601,expens
602,experi
603,expert
604,expir
605,explain
606,explor
607,express
608,extend
609,extens
610,extra
611,extract
612,extrem
613,eye
614,fa
615,face
616,fact
617,factor
618,fail
619,fair
620,fall
621,fals
622,famili
623,faq
624,far
625,fast
626,faster
627,fastest
628,fat
629,father
630,favorit
631,fax
632,fb
633,fd
634,featur
635,feder
636,fee
637,feed
638,feedback
639,feel
640,femal
641,few
642,ffffff
643,ffnumber
644,field
645,fight
646,figur
647,file
648,fill
649,film
650,filter
651,final
652,financ
653,financi
654,find
655,fine
656,finish
657,fire
658,firewal
659,firm
660,first
661,fit
662,five
663,fix
664,flag
665,flash
666,flow
667,fnumber
668,focu
669,folder
670,folk
671,follow
672,font
673,food
674,for
675,forc
676,foreign
677,forev
678,forget
679,fork
680,form
681,format
682,former
683,fortun
684,forward
685,found
686,foundat
687,four
688,franc
689,free
690,freedom
691,french
692,fresh
693,freshrpm
694,fri
695,friday
696,friend
697,from
698,front
699,ftoc
700,ftp
701,full
702,fulli
703,fun
704,function
705,fund
706,further
707,futur
708,ga
709,gain
710,game
711,gari
712,garrigu
713,gave
714,gcc
715,geek
716,gener
717,get
718,gif
719,gift
720,girl
721,give
722,given
723,global
724,gnome
725,gnu
726,gnupg
727,go
728,goal
729,god
730,goe
731,gold
732,gone
733,good
734,googl
735,got
736,govern
737,gpl
738,grand
739,grant
740,graphic
741,great
742,greater
743,greg
744,ground
745,group
746,grow
747,growth
748,gt
749,guarante
750,guess
751,guid
752,guy
753,ha
754,hack
755,had
756,half
757,ham
758,hand
759,handl
760,happen
761,happi
762,hard
763,hardwar
764,hat
765,hate
766,have
767,haven
768,he
769,head
770,header
771,headlin
772,health
773,hear
774,heard
775,heart
776,heaven
777,height
778,held
779,hello
780,help
781,helvetica
782,her
783,herba
784,here
785,hermio
786,hettinga
787,hi
788,high
789,higher
790,highli
791,highlight
792,him
793,histori
794,hit
795,hold
796,home
797,honor
798,hope
799,host
800,hot
801,hour
802,hous
803,how
804,howev
805,hp
806,html
807,http
808,httpaddr
809,huge
810,human
811,hundr
812,ibm
813,id
814,idea
815,ident
816,identifi
817,idnumb
818,ie
819,if
820,ignor
821,ii
822,iii
823,iiiiiiihnumberjnumberhnumberjnumberhnumb
824,iiiiiiiiiiiiiiiiiiiiiiiiiiiiiiiiiiiiiiiiiiiiiiiiiiiiiiiiiiiiiiiiiiiiiiiiiiii
825,illeg
826,im
827,imag
828,imagin
829,immedi
830,impact
831,implement
832,import
833,impress
834,improv
835,in
836,inc
837,includ
838,incom
839,increas
840,incred
841,inde
842,independ
843,index
844,india
845,indian
846,indic
847,individu
848,industri
849,info
850,inform
851,initi
852,inlin
853,innov
854,input
855,insert
856,insid
857,instal
858,instanc
859,instant
860,instead
861,institut
862,instruct
863,insur
864,int
865,integr
866,intel
867,intellig
868,intend
869,interact
870,interest
871,interfac
872,intern
873,internet
874,interview
875,into
876,intro
877,introduc
878,inumb
879,invest
880,investig
881,investor
882,invok
883,involv
884,ip
885,ireland
886,irish
887,is
888,island
889,isn
890,iso
891,isp
892,issu
893,it
894,item
895,itself
896,jabber
897,jame
898,java
899,jim
900,jnumberiiiiiiihepihepihf
901,job
902,joe
903,john
904,join
905,journal
906,judg
907,judgment
908,jul
909,juli
910,jump
911,june
912,just
913,justin
914,keep
915,kept
916,kernel
917,kevin
918,key
919,keyboard
920,kid
921,kill
922,kind
923,king
924,kingdom
925,knew
926,know
927,knowledg
928,known
929,la
930,lack
931,land
932,languag
933,laptop
934,larg
935,larger
936,largest
937,laser
938,last
939,late
940,later
941,latest
942,launch
943,law
944,lawrenc
945,le
946,lead
947,leader
948,learn
949,least
950,leav
951,left
952,legal
953,lender
954,length
955,less
956,lesson
957,let
958,letter
959,level
960,lib
961,librari
962,licens
963,life
964,lifetim
965,light
966,like
967,limit
968,line
969,link
970,linux
971,list
972,listen
973,littl
974,live
975,ll
976,lo
977,load
978,loan
979,local
980,locat
981,lock
982,lockergnom
983,log
984,long
985,longer
986,look
987,lose
988,loss
989,lost
990,lot
991,love
992,low
993,lower
994,lowest
995,lt
996,ma
997,mac
998,machin
999,made
1000,magazin
1001,mail
1002,mailer
1003,main
1004,maintain
1005,major
1006,make
1007,maker
1008,male
1009,man
1010,manag
1011,mani
1012,manual
1013,manufactur
1014,map
1015,march
1016,margin
1017,mark
1018,market
1019,marshal
1020,mass
1021,master
1022,match
1023,materi
1024,matter
1025,matthia
1026,may
1027,mayb
1028,me
1029,mean
1030,measur
1031,mechan
1032,media
1033,medic
1034,meet
1035,member
1036,membership
1037,memori
1038,men
1039,mention
1040,menu
1041,merchant
1042,messag
1043,method
1044,mh
1045,michael
1046,microsoft
1047,middl
1048,might
1049,mike
1050,mile
1051,militari
1052,million
1053,mime
1054,mind
1055,mine
1056,mini
1057,minimum
1058,minut
1059,miss
1060,mistak
1061,mobil
1062,mode
1063,model
1064,modem
1065,modifi
1066,modul
1067,moment
1068,mon
1069,monday
1070,money
1071,monitor
1072,month
1073,monthli
1074,more
1075,morn
1076,mortgag
1077,most
1078,mostli
1079,mother
1080,motiv
1081,move
1082,movi
1083,mpnumber
1084,mr
1085,ms
1086,msg
1087,much
1088,multi
1089,multipart
1090,multipl
1091,murphi
1092,music
1093,must
1094,my
1095,myself
1096,name
1097,nation
1098,natur
1099,nbsp
1100,near
1101,nearli
1102,necessari
1103,need
1104,neg
1105,net
1106,netscap
1107,network
1108,never
1109,new
1110,news
1111,newslett
1112,next
1113,nextpart
1114,nice
1115,nigeria
1116,night
1117,no
1118,nobodi
1119,non
1120,none
1121,nor
1122,normal
1123,north
1124,not
1125,note
1126,noth
1127,notic
1128,now
1129,nt
1130,null
1131,number
1132,numbera
1133,numberam
1134,numberanumb
1135,numberb
1136,numberbit
1137,numberc
1138,numbercb
1139,numbercbr
1140,numbercfont
1141,numbercli
1142,numbercnumb
1143,numbercp
1144,numberctd
1145,numberd
1146,numberdari
1147,numberdnumb
1148,numberenumb
1149,numberf
1150,numberfb
1151,numberff
1152,numberffont
1153,numberfp
1154,numberftd
1155,numberk
1156,numberm
1157,numbermb
1158,numberp
1159,numberpd
1160,numberpm
1161,numberpx
1162,numberst
1163,numberth
1164,numbertnumb
1165,numberx
1166,object
1167,oblig
1168,obtain
1169,obvious
1170,occur
1171,oct
1172,octob
1173,of
1174,off
1175,offer
1176,offic
1177,offici
1178,often
1179,oh
1180,ok
1181,old
1182,on
1183,onc
1184,one
1185,onli
1186,onlin
1187,open
1188,oper
1189,opinion
1190,opportun
1191,opt
1192,optim
1193,option
1194,or
1195,order
1196,org
1197,organ
1198,origin
1199,os
1200,osdn
1201,other
1202,otherwis
1203,our
1204,out
1205,outlook
1206,output
1207,outsid
1208,over
1209,own
1210,owner
1211,oz
1212,pacif
1213,pack
1214,packag
1215,page
1216,paid
1217,pain
1218,palm
1219,panel
1220,paper
1221,paragraph
1222,parent
1223,part
1224,parti
1225,particip
1226,particular
1227,particularli
1228,partit
1229,partner
1230,pass
1231,password
1232,past
1233,patch
1234,patent
1235,path
1236,pattern
1237,paul
1238,pay
1239,payment
1240,pc
1241,peac
1242,peopl
1243,per
1244,percent
1245,percentag
1246,perfect
1247,perfectli
1248,perform
1249,perhap
1250,period
1251,perl
1252,perman
1253,permiss
1254,permit
1255,person
1256,pgp
1257,phone
1258,photo
1259,php
1260,phrase
1261,physic
1262,pick
1263,pictur
1264,piec
1265,piiiiiiii
1266,pipe
1267,pjnumber
1268,place
1269,plain
1270,plan
1271,planet
1272,plant
1273,planta
1274,platform
1275,play
1276,player
1277,pleas
1278,plu
1279,plug
1280,pm
1281,pocket
1282,point
1283,polic
1284,polici
1285,polit
1286,poor
1287,pop
1288,popul
1289,popular
1290,port
1291,posit
1292,possibl
1293,post
1294,potenti
1295,pound
1296,powel
1297,power
1298,powershot
1299,practic
1300,pre
1301,predict
1302,prefer
1303,premium
1304,prepar
1305,present
1306,presid
1307,press
1308,pretti
1309,prevent
1310,previou
1311,previous
1312,price
1313,principl
1314,print
1315,printabl
1316,printer
1317,privaci
1318,privat
1319,prize
1320,pro
1321,probabl
1322,problem
1323,procedur
1324,process
1325,processor
1326,procmail
1327,produc
1328,product
1329,profession
1330,profil
1331,profit
1332,program
1333,programm
1334,progress
1335,project
1336,promis
1337,promot
1338,prompt
1339,properti
1340,propos
1341,proprietari
1342,prospect
1343,protect
1344,protocol
1345,prove
1346,proven
1347,provid
1348,proxi
1349,pub
1350,public
1351,publish
1352,pudg
1353,pull
1354,purchas
1355,purpos
1356,put
1357,python
1358,qnumber
1359,qualifi
1360,qualiti
1361,quarter
1362,question
1363,quick
1364,quickli
1365,quit
1366,quot
1367,radio
1368,ragga
1369,rais
1370,random
1371,rang
1372,rate
1373,rather
1374,ratio
1375,razor
1376,razornumb
1377,re
1378,reach
1379,read
1380,reader
1381,readi
1382,real
1383,realiz
1384,realli
1385,reason
1386,receiv
1387,recent
1388,recipi
1389,recommend
1390,record
1391,red
1392,redhat
1393,reduc
1394,refer
1395,refin
1396,reg
1397,regard
1398,region
1399,regist
1400,regul
1401,regular
1402,rel
1403,relat
1404,relationship
1405,releas
1406,relev
1407,reliabl
1408,remain
1409,remedi
1410,rememb
1411,remot
1412,remov
1413,replac
1414,repli
1415,report
1416,repositori
1417,repres
1418,republ
1419,request
1420,requir
1421,research
1422,reserv
1423,resid
1424,resourc
1425,respect
1426,respond
1427,respons
1428,rest
1429,result
1430,retail
1431,return
1432,reveal
1433,revenu
1434,revers
1435,review
1436,revok
1437,rh
1438,rich
1439,right
1440,risk
1441,road
1442,robert
1443,rock
1444,role
1445,roll
1446,rom
1447,roman
1448,room
1449,root
1450,round
1451,rpm
1452,rss
1453,rule
1454,run
1455,sa
1456,safe
1457,said
1458,sale
1459,same
1460,sampl
1461,san
1462,saou
1463,sat
1464,satellit
1465,save
1466,saw
1467,say
1468,scan
1469,schedul
1470,school
1471,scienc
1472,score
1473,screen
1474,script
1475,se
1476,search
1477,season
1478,second
1479,secret
1480,section
1481,secur
1482,see
1483,seed
1484,seek
1485,seem
1486,seen
1487,select
1488,self
1489,sell
1490,seminar
1491,send
1492,sender
1493,sendmail
1494,senior
1495,sens
1496,sensit
1497,sent
1498,sep
1499,separ
1500,septemb
1501,sequenc
1502,seri
1503,serif
1504,seriou
1505,serv
1506,server
1507,servic
1508,set
1509,setup
1510,seven
1511,seventh
1512,sever
1513,sex
1514,sexual
1515,sf
1516,shape
1517,share
1518,she
1519,shell
1520,ship
1521,shop
1522,short
1523,shot
1524,should
1525,show
1526,side
1527,sight
1528,sign
1529,signatur
1530,signific
1531,similar
1532,simpl
1533,simpli
1534,sinc
1535,sincer
1536,singl
1537,sit
1538,site
1539,situat
1540,six
1541,size
1542,skeptic
1543,skill
1544,skin
1545,skip
1546,sleep
1547,slow
1548,small
1549,smart
1550,smoke
1551,smtp
1552,snumber
1553,so
1554,social
1555,societi
1556,softwar
1557,sold
1558,solut
1559,solv
1560,some
1561,someon
1562,someth
1563,sometim
1564,son
1565,song
1566,soni
1567,soon
1568,sorri
1569,sort
1570,sound
1571,sourc
1572,south
1573,space
1574,spain
1575,spam
1576,spamassassin
1577,spamd
1578,spammer
1579,speak
1580,spec
1581,special
1582,specif
1583,specifi
1584,speech
1585,speed
1586,spend
1587,sponsor
1588,sport
1589,spot
1590,src
1591,ssh
1592,st
1593,stabl
1594,staff
1595,stand
1596,standard
1597,star
1598,start
1599,state
1600,statement
1601,statu
1602,stay
1603,step
1604,steve
1605,still
1606,stock
1607,stop
1608,storag
1609,store
1610,stori
1611,strategi
1612,stream
1613,street
1614,string
1615,strip
1616,strong
1617,structur
1618,studi
1619,stuff
1620,stupid
1621,style
1622,subject
1623,submit
1624,subscrib
1625,subscript
1626,substanti
1627,succeed
1628,success
1629,such
1630,suffer
1631,suggest
1632,suit
1633,sum
1634,summari
1635,summer
1636,sun
1637,super
1638,suppli
1639,support
1640,suppos
1641,sure
1642,surpris
1643,suse
1644,suspect
1645,sweet
1646,switch
1647,system
1648,tab
1649,tabl
1650,tablet
1651,tag
1652,take
1653,taken
1654,talk
1655,tape
1656,target
1657,task
1658,tax
1659,teach
1660,team
1661,tech
1662,technic
1663,techniqu
1664,technolog
1665,tel
1666,telecom
1667,telephon
1668,tell
1669,temperatur
1670,templ
1671,ten
1672,term
1673,termin
1674,terror
1675,terrorist
1676,test
1677,texa
1678,text
1679,than
1680,thank
1681,that
1682,the
1683,their
1684,them
1685,themselv
1686,then
1687,theori
1688,there
1689,therefor
1690,these
1691,they
1692,thi
1693,thing
1694,think
1695,thinkgeek
1696,third
1697,those
1698,though
1699,thought
1700,thousand
1701,thread
1702,threat
1703,three
1704,through
1705,thu
1706,thursday
1707,ticket
1708,tie
1709,tim
1710,time
1711,tip
1712,tire
1713,titl
1714,tm
1715,to
1716,today
1717,togeth
1718,token
1719,told
1720,toll
1721,tom
1722,toner
1723,toni
1724,too
1725,took
1726,tool
1727,top
1728,topic
1729,total
1730,touch
1731,toward
1732,track
1733,trade
1734,tradit
1735,traffic
1736,train
1737,transact
1738,transfer
1739,travel
1740,treat
1741,tree
1742,tri
1743,trial
1744,trick
1745,trip
1746,troubl
1747,true
1748,truli
1749,trust
1750,truth
1751,tue
1752,tuesday
1753,turn
1754,tv
1755,two
1756,type
1757,uk
1758,ultim
1759,un
1760,under
1761,understand
1762,unfortun
1763,uniqu
1764,unison
1765,unit
1766,univers
1767,unix
1768,unless
1769,unlik
1770,unlimit
1771,unseen
1772,unsolicit
1773,unsubscrib
1774,until
1775,up
1776,updat
1777,upgrad
1778,upon
1779,urgent
1780,url
1781,us
1782,usa
1783,usag
1784,usb
1785,usd
1786,usdollarnumb
1787,use
1788,useless
1789,user
1790,usr
1791,usual
1792,util
1793,vacat
1794,valid
1795,valu
1796,valuabl
1797,var
1798,variabl
1799,varieti
1800,variou
1801,ve
1802,vendor
1803,ventur
1804,veri
1805,verifi
1806,version
1807,via
1808,video
1809,view
1810,virtual
1811,visa
1812,visit
1813,visual
1814,vnumber
1815,voic
1816,vote
1817,vs
1818,vulner
1819,wa
1820,wait
1821,wake
1822,walk
1823,wall
1824,want
1825,war
1826,warm
1827,warn
1828,warranti
1829,washington
1830,wasn
1831,wast
1832,watch
1833,water
1834,way
1835,we
1836,wealth
1837,weapon
1838,web
1839,weblog
1840,websit
1841,wed
1842,wednesday
1843,week
1844,weekli
1845,weight
1846,welcom
1847,well
1848,went
1849,were
1850,west
1851,what
1852,whatev
1853,when
1854,where
1855,whether
1856,whi
1857,which
1858,while
1859,white
1860,whitelist
1861,who
1862,whole
1863,whose
1864,wi
1865,wide
1866,width
1867,wife
1868,will
1869,william
1870,win
1871,window
1872,wing
1873,winner
1874,wireless
1875,wish
1876,with
1877,within
1878,without
1879,wnumberp
1880,woman
1881,women
1882,won
1883,wonder
1884,word
1885,work
1886,worker
1887,world
1888,worldwid
1889,worri
1890,worst
1891,worth
1892,would
1893,wouldn
1894,write
1895,written
1896,wrong
1897,wrote
1898,www
1899,ximian
1900,xml
1901,xnumber
1902,xp
1903,yahoo
1904,ye
1905,yeah
1906,year
1907,yesterday
1908,yet
1909,york
1910,you
1911,young
1912,your
1913,yourself
1914,zdnet
1915,zero
1916,zip
1917,åµo
